{"cameraMode":{"drawMode":0,"name":"Shaded","section":"Shading Mode"},"sceneLighting":true,"audioPlay":false,"sceneViewState":{"m_AlwaysRefresh":false,"showFog":true,"showSkybox":true,"showFlares":true,"showImageEffects":true,"showParticleSystems":true,"showVisualEffectGraphs":true,"m_FxEnabled":false},"in2DMode":false,"pivot":{"x":1.188857078552246,"y":2.419753074645996,"z":-34.95697021484375},"rotation":{"x":0.1952371746301651,"y":-0.005576795898377895,"z":0.0011039945529773832,"w":0.9807506799697876},"size":14.709952354431153,"orthographic":false}